{
  "token_acc": 1.0,
  "token_p": 0.9988117635,
  "token_r": 0.9995045581,
  "token_f": 0.9991580407,
  "pos_acc": 0.9598771547,
  "morph_acc": 0.944474714,
  "morph_micro_p": 0.9730220493,
  "morph_micro_r": 0.9663540808,
  "morph_micro_f": 0.9696766021,
  "morph_per_feat": {
    "Mood": {
      "p": 0.9575757576,
      "r": 0.9552599758,
      "f": 0.9564164649
    },
    "Number": {
      "p": 0.991838016,
      "r": 0.9841146239,
      "f": 0.9879612258
    },
    "Person": {
      "p": 0.9551760939,
      "r": 0.9551760939,
      "f": 0.9551760939
    },
    "Tense": {
      "p": 0.9144316731,
      "r": 0.9421052632,
      "f": 0.9280622165
    },
    "VerbForm": {
      "p": 0.9513343799,
      "r": 0.9603803487,
      "f": 0.9558359621
    },
    "Gender": {
      "p": 0.9593068536,
      "r": 0.9422451712,
      "f": 0.9506994694
    },
    "PronType": {
      "p": 0.9880332986,
      "r": 0.9813953488,
      "f": 0.9847031372
    },
    "Definite": {
      "p": 0.995923913,
      "r": 0.9932249322,
      "f": 0.9945725916
    },
    "NumType": {
      "p": 0.9735099338,
      "r": 0.9639344262,
      "f": 0.9686985173
    },
    "Voice": {
      "p": 0.9047619048,
      "r": 0.8837209302,
      "f": 0.8941176471
    },
    "Polarity": {
      "p": 1.0,
      "r": 1.0,
      "f": 1.0
    },
    "Case": {
      "p": 0.9175257732,
      "r": 0.9081632653,
      "f": 0.9128205128
    }
  },
  "sents_p": 0.9204339964,
  "sents_r": 0.9438586178,
  "sents_f": 0.9208352003,
  "dep_uas": 0.8870066263,
  "dep_las": 0.8432332776,
  "dep_las_per_type": {
    "cop": {
      "p": 0.8322580645,
      "r": 0.914893617,
      "f": 0.8716216216
    },
    "root": {
      "p": 0.9059674503,
      "r": 0.8946428571,
      "f": 0.9002695418
    },
    "det": {
      "p": 0.9625550661,
      "r": 0.9593852909,
      "f": 0.9609675646
    },
    "amod": {
      "p": 0.905,
      "r": 0.8829268293,
      "f": 0.8938271605
    },
    "nsubj": {
      "p": 0.8683274021,
      "r": 0.8516579407,
      "f": 0.8599118943
    },
    "case": {
      "p": 0.9724888036,
      "r": 0.9700063816,
      "f": 0.9712460064
    },
    "nmod": {
      "p": 0.7980456026,
      "r": 0.8184855234,
      "f": 0.8081363386
    },
    "flat:name": {
      "p": 0.8253424658,
      "r": 0.8763636364,
      "f": 0.8500881834
    },
    "acl": {
      "p": 0.5803571429,
      "r": 0.5603448276,
      "f": 0.5701754386
    },
    "advmod": {
      "p": 0.790368272,
      "r": 0.7926136364,
      "f": 0.7914893617
    },
    "obl": {
      "p": 0.6618556701,
      "r": 0.6604938272,
      "f": 0.6611740474
    },
    "conj": {
      "p": 0.6264150943,
      "r": 0.6125461255,
      "f": 0.6194029851
    },
    "cc": {
      "p": 0.8771186441,
      "r": 0.9,
      "f": 0.8884120172
    },
    "obj": {
      "p": 0.8476953908,
      "r": 0.8150289017,
      "f": 0.8310412574
    },
    "obl:agent": {
      "p": 0.7575757576,
      "r": 0.8333333333,
      "f": 0.7936507937
    },
    "acl:relcl": {
      "p": 0.6513761468,
      "r": 0.6698113208,
      "f": 0.6604651163
    },
    "mark": {
      "p": 0.8388625592,
      "r": 0.8271028037,
      "f": 0.8329411765
    },
    "advcl": {
      "p": 0.5182481752,
      "r": 0.6339285714,
      "f": 0.5702811245
    },
    "xcomp": {
      "p": 0.8362068966,
      "r": 0.776,
      "f": 0.8049792531
    },
    "iobj": {
      "p": 0.3333333333,
      "r": 0.1363636364,
      "f": 0.1935483871
    },
    "appos": {
      "p": 0.5647058824,
      "r": 0.5853658537,
      "f": 0.5748502994
    },
    "fixed": {
      "p": 0.7678571429,
      "r": 0.7678571429,
      "f": 0.7678571429
    },
    "nummod": {
      "p": 0.9673202614,
      "r": 0.9487179487,
      "f": 0.9579288026
    },
    "aux": {
      "p": 0.9206349206,
      "r": 0.935483871,
      "f": 0.928
    },
    "csubj": {
      "p": 0.3333333333,
      "r": 0.25,
      "f": 0.2857142857
    },
    "ccomp": {
      "p": 0.6607142857,
      "r": 0.6166666667,
      "f": 0.6379310345
    },
    "orphan": {
      "p": 0.0,
      "r": 0.0,
      "f": 0.0
    },
    "flat": {
      "p": 1.0,
      "r": 1.0,
      "f": 1.0
    },
    "aux:pass": {
      "p": 0.9701492537,
      "r": 0.9558823529,
      "f": 0.962962963
    },
    "nsubj:pass": {
      "p": 0.862745098,
      "r": 0.8148148148,
      "f": 0.8380952381
    },
    "parataxis": {
      "p": 0.4181818182,
      "r": 0.323943662,
      "f": 0.3650793651
    },
    "list": {
      "p": 0.0,
      "r": 0.0,
      "f": 0.0
    },
    "expl": {
      "p": 0.7272727273,
      "r": 0.8421052632,
      "f": 0.7804878049
    },
    "dep": {
      "p": 0.0,
      "r": 0.0,
      "f": 0.0
    },
    "compound": {
      "p": 1.0,
      "r": 0.8,
      "f": 0.8888888889
    },
    "vocative": {
      "p": 0.0,
      "r": 0.0,
      "f": 0.0
    },
    "discourse": {
      "p": 0.0,
      "r": 0.0,
      "f": 0.0
    },
    "expl:pass": {
      "p": 0.0,
      "r": 0.0,
      "f": 0.0
    },
    "flat:foreign": {
      "p": 1.0,
      "r": 0.25,
      "f": 0.4
    }
  },
  "lemma_acc": 0.9666683176,
  "tag_acc": 0.8860709332,
  "ents_p": 0.879568498,
  "ents_r": 0.8809359809,
  "ents_f": 0.8802517084,
  "ents_per_type": {
    "LOC": {
      "p": 0.8976696367,
      "r": 0.9210267229,
      "f": 0.9091981951
    },
    "PER": {
      "p": 0.8932702862,
      "r": 0.892742616,
      "f": 0.8930063732
    },
    "ORG": {
      "p": 0.8388458832,
      "r": 0.7987491624,
      "f": 0.8183066362
    },
    "MISC": {
      "p": 0.7873706743,
      "r": 0.7300694674,
      "f": 0.7576381737
    }
  },
  "speed": 12911.8828954792
}